subject	runNr	blockCntr	isPositive	isReward	target	groupCount	answer
189	1	2	0	0	VLPFC	2	35
189	1	2	1	0	VLPFC	1	40
189	1	4	0	1	VLPFC	2	25
189	1	4	1	1	VLPFC	1	30
189	1	6	0	0	RTPJ	3	20
189	1	8	0	0	VLPFC	2	30
189	1	8	1	0	VLPFC	1	30
189	1	10	0	1	VLPFC	3	20
189	1	12	0	1	RTPJ	2	25
189	1	12	1	1	RTPJ	1	50
189	1	14	0	1	RTPJ	2	25
189	1	14	1	1	RTPJ	1	50
189	1	16	0	0	RTPJ	2	25
189	1	16	1	0	RTPJ	1	30
189	2	2	0	0	RTPJ	3	23.3333333333333
189	2	4	0	1	RTPJ	2	20
189	2	4	1	1	RTPJ	1	20
189	2	6	0	0	RTPJ	1	20
189	2	6	1	0	RTPJ	2	25
189	2	8	0	0	VLPFC	1	10
189	2	8	1	0	VLPFC	2	20
189	2	10	1	1	VLPFC	3	26.6666666666667
189	2	12	0	1	RTPJ	2	20
189	2	12	1	1	RTPJ	1	20
189	2	14	0	0	VLPFC	1	20
189	2	14	1	0	VLPFC	2	20
189	2	16	0	1	VLPFC	2	15
189	2	16	1	1	VLPFC	1	30
189	3	2	0	1	VLPFC	2	10
189	3	2	1	1	VLPFC	1	30
189	3	4	1	1	VLPFC	3	23.3333333333333
189	3	6	0	1	RTPJ	3	10
189	3	8	0	1	RTPJ	2	15
189	3	8	1	1	RTPJ	1	30
189	3	10	0	0	VLPFC	2	20
189	3	10	1	0	VLPFC	1	20
189	3	12	0	0	VLPFC	3	10
189	3	14	0	0	RTPJ	1	20
189	3	14	1	0	RTPJ	2	15
189	3	16	0	0	RTPJ	1	20
189	3	16	1	0	RTPJ	2	15
203	1	2	0	1	VLPFC	2	10
203	1	2	1	1	VLPFC	1	40
203	1	4	0	1	RTPJ	1	10
203	1	4	1	1	RTPJ	2	45
203	1	6	0	1	RTPJ	2	10
203	1	6	1	1	RTPJ	1	50
203	1	8	0	0	VLPFC	1	10
203	1	8	1	0	VLPFC	2	45
203	1	10	0	0	RTPJ	1	10
203	1	10	1	0	RTPJ	2	45
203	1	12	0	0	VLPFC	2	10
203	1	12	1	0	VLPFC	1	50
203	1	14	0	0	RTPJ	1	10
203	1	14	1	0	RTPJ	2	45
203	1	16	1	1	VLPFC	3	43.3333333333333
203	2	2	0	0	VLPFC	3	16.6666666666667
203	2	4	0	0	VLPFC	2	10
203	2	4	1	0	VLPFC	1	40
203	2	6	1	0	RTPJ	3	46.6666666666667
203	2	8	0	1	RTPJ	2	10
203	2	8	1	1	RTPJ	1	50
203	2	10	0	0	RTPJ	2	10
203	2	10	1	0	RTPJ	1	40
203	2	12	0	1	VLPFC	2	10
203	2	12	1	1	VLPFC	1	40
203	2	14	0	1	RTPJ	3	10
203	2	16	0	1	VLPFC	2	10
203	2	16	1	1	VLPFC	1	40
203	3	2	0	1	VLPFC	2	10
203	3	2	1	1	VLPFC	1	40
203	3	4	0	0	RTPJ	1	20
203	3	4	1	0	RTPJ	2	35
203	3	6	0	1	VLPFC	1	10
203	3	6	1	1	VLPFC	2	35
203	3	8	0	1	RTPJ	2	10
203	3	8	1	1	RTPJ	1	30
203	3	10	0	0	VLPFC	1	40
203	3	10	1	0	VLPFC	2	30
203	3	12	0	0	RTPJ	1	20
203	3	12	1	0	RTPJ	2	30
203	3	14	0	0	VLPFC	2	15
203	3	14	1	0	VLPFC	1	30
203	3	16	0	1	RTPJ	3	13.3333333333333
207	1	2	0	1	RTPJ	2	30
207	1	2	1	1	RTPJ	1	20
207	1	4	0	1	RTPJ	1	20
207	1	4	1	1	RTPJ	2	25
207	1	6	0	1	VLPFC	1	20
207	1	6	1	1	VLPFC	2	30
207	1	8	0	1	VLPFC	3	20
207	1	10	0	0	VLPFC	2	25
207	1	10	1	0	VLPFC	1	40
207	1	12	0	0	RTPJ	2	40
207	1	12	1	0	RTPJ	1	40
207	1	14	0	0	VLPFC	3	26.6666666666667
207	1	16	0	0	RTPJ	2	10
207	1	16	1	0	RTPJ	1	10
207	2	2	0	0	RTPJ	1	40
207	2	2	1	0	RTPJ	2	15
207	2	4	0	1	VLPFC	1	20
207	2	4	1	1	VLPFC	2	45
207	2	6	0	1	VLPFC	3	26.6666666666667
207	2	8	0	1	RTPJ	2	15
207	2	8	1	1	RTPJ	1	50
207	2	10	0	0	RTPJ	3	13.3333333333333
207	2	12	0	1	RTPJ	1	10
207	2	12	1	1	RTPJ	2	30
207	2	14	0	0	VLPFC	2	50
207	2	14	1	0	VLPFC	1	40
207	2	16	1	0	VLPFC	3	16.6666666666667
208	1	2	0	0	RTPJ	2	45
208	1	2	1	0	RTPJ	1	30
208	1	4	0	0	RTPJ	2	40
208	1	4	1	0	RTPJ	1	30
208	1	6	1	1	VLPFC	3	30
208	1	8	0	1	RTPJ	1	30
208	1	8	1	1	RTPJ	2	45
208	1	10	0	1	RTPJ	2	25
208	1	10	1	1	RTPJ	1	30
208	1	12	0	0	VLPFC	1	30
208	1	12	1	0	VLPFC	2	25
208	1	14	0	1	VLPFC	2	20
208	1	14	1	1	VLPFC	1	30
208	1	16	0	0	VLPFC	2	30
208	1	16	1	0	VLPFC	1	40
208	2	2	0	0	VLPFC	2	15
208	2	2	1	0	VLPFC	1	50
208	2	4	0	1	RTPJ	1	30
208	2	4	1	1	RTPJ	2	45
208	2	6	0	0	RTPJ	1	10
208	2	6	1	0	RTPJ	2	50
208	2	8	0	1	RTPJ	1	10
208	2	8	1	1	RTPJ	2	50
208	2	10	0	0	VLPFC	2	10
208	2	10	1	0	VLPFC	1	30
208	2	12	0	1	VLPFC	2	25
208	2	12	1	1	VLPFC	1	30
208	2	14	0	1	VLPFC	2	25
208	2	14	1	1	VLPFC	1	40
208	2	16	0	0	RTPJ	2	35
208	2	16	1	0	RTPJ	1	30
208	3	2	0	1	RTPJ	3	26.6666666666667
208	3	4	0	0	VLPFC	2	25
208	3	4	1	0	VLPFC	1	40
208	3	6	0	1	VLPFC	1	10
208	3	6	1	1	VLPFC	2	40
208	3	8	0	0	RTPJ	1	30
208	3	8	1	0	RTPJ	2	40
208	3	10	0	1	RTPJ	2	25
208	3	10	1	1	RTPJ	1	40
208	3	12	0	0	VLPFC	2	15
208	3	12	1	0	VLPFC	1	20
208	3	14	0	1	VLPFC	2	25
208	3	14	1	1	VLPFC	1	40
208	3	16	1	0	RTPJ	3	40
209	1	2	0	0	VLPFC	1	20
209	1	2	1	0	VLPFC	2	35
209	1	4	0	0	RTPJ	2	30
209	1	4	1	0	RTPJ	1	30
209	1	6	0	0	VLPFC	2	25
209	1	6	1	0	VLPFC	1	40
209	1	8	0	1	RTPJ	1	30
209	1	8	1	1	RTPJ	2	30
209	1	10	0	0	RTPJ	2	10
209	1	10	1	0	RTPJ	1	40
209	1	12	0	1	RTPJ	1	10
209	1	12	1	1	RTPJ	2	30
209	1	14	0	1	VLPFC	2	10
209	1	14	1	1	VLPFC	1	30
209	1	16	0	1	VLPFC	1	30
209	1	16	1	1	VLPFC	2	35
209	2	2	0	0	RTPJ	3	16.6666666666667
209	2	4	0	1	VLPFC	1	20
209	2	4	1	1	VLPFC	2	30
209	2	6	0	1	VLPFC	3	13.3333333333333
209	2	8	0	0	RTPJ	2	20
209	2	8	1	0	RTPJ	1	30
209	2	10	0	1	RTPJ	2	20
209	2	10	1	1	RTPJ	1	30
209	2	12	0	1	RTPJ	3	16.6666666666667
209	2	14	0	0	VLPFC	3	16.6666666666667
209	2	16	0	0	VLPFC	3	13.3333333333333
209	3	2	0	1	RTPJ	1	30
209	3	2	1	1	RTPJ	2	45
209	3	4	0	0	RTPJ	2	15
209	3	4	1	0	RTPJ	1	30
209	3	6	1	1	VLPFC	3	33.3333333333333
209	3	8	0	0	VLPFC	2	20
209	3	8	1	0	VLPFC	1	20
209	3	10	0	0	VLPFC	1	10
209	3	10	1	0	VLPFC	2	20
209	3	12	0	1	RTPJ	3	10
209	3	14	0	1	VLPFC	1	20
209	3	14	1	1	VLPFC	2	40
209	3	16	0	0	RTPJ	1	10
209	3	16	1	0	RTPJ	2	30
210	1	2	0	0	RTPJ	2	25
210	1	2	1	0	RTPJ	1	30
210	1	4	0	1	RTPJ	2	10
210	1	4	1	1	RTPJ	1	40
210	1	6	0	1	VLPFC	1	10
210	1	6	1	1	VLPFC	2	45
210	1	8	0	1	VLPFC	1	10
210	1	8	1	1	VLPFC	2	35
210	1	10	0	0	VLPFC	3	20
210	1	12	0	1	RTPJ	2	15
210	1	12	1	1	RTPJ	1	40
210	1	14	0	0	RTPJ	3	16.6666666666667
210	1	16	0	0	VLPFC	2	15
210	1	16	1	0	VLPFC	1	40
210	2	2	0	1	VLPFC	1	10
210	2	2	1	1	VLPFC	2	45
210	2	4	0	1	RTPJ	1	10
210	2	4	1	1	RTPJ	2	50
210	2	6	0	1	RTPJ	1	10
210	2	6	1	1	RTPJ	2	45
210	2	8	0	0	VLPFC	1	20
210	2	8	1	0	VLPFC	2	45
210	2	10	0	0	RTPJ	2	10
210	2	10	1	0	RTPJ	1	30
210	2	12	0	0	VLPFC	1	20
210	2	12	1	0	VLPFC	2	35
210	2	14	0	1	VLPFC	2	20
210	2	14	1	1	VLPFC	1	40
210	2	16	0	0	RTPJ	1	10
210	2	16	1	0	RTPJ	2	35
210	3	2	0	0	VLPFC	1	10
210	3	2	1	0	VLPFC	2	40
210	3	4	0	0	VLPFC	1	20
210	3	4	1	0	VLPFC	2	45
210	3	6	0	0	RTPJ	2	25
210	3	6	1	0	RTPJ	1	50
210	3	8	1	1	RTPJ	3	36.6666666666667
210	3	10	0	0	RTPJ	2	20
210	3	10	1	0	RTPJ	1	50
210	3	12	1	1	RTPJ	3	40
210	3	14	0	1	VLPFC	2	20
210	3	14	1	1	VLPFC	1	40
210	3	16	0	1	VLPFC	3	16.6666666666667
211	1	2	0	1	VLPFC	2	10
211	1	2	1	1	VLPFC	1	50
211	1	4	1	1	RTPJ	3	50
211	1	6	1	0	VLPFC	3	50
211	1	8	1	1	VLPFC	3	50
211	1	10	0	0	RTPJ	2	15
211	1	10	1	0	RTPJ	1	50
211	1	12	0	1	RTPJ	2	15
211	1	12	1	1	RTPJ	1	50
211	1	14	0	0	RTPJ	1	10
211	1	14	1	0	RTPJ	2	30
211	1	16	0	0	VLPFC	1	10
211	1	16	1	0	VLPFC	2	40
211	2	2	1	0	VLPFC	3	50
211	2	4	0	0	RTPJ	2	30
211	2	4	1	0	RTPJ	1	50
211	2	6	0	1	VLPFC	2	10
211	2	6	1	1	VLPFC	1	50
211	2	8	0	1	RTPJ	1	10
211	2	8	1	1	RTPJ	2	50
211	2	10	0	0	VLPFC	3	20
211	2	12	0	0	RTPJ	1	20
211	2	12	1	0	RTPJ	2	50
211	2	14	1	1	VLPFC	3	50
211	2	16	0	1	RTPJ	1	10
211	2	16	1	1	RTPJ	2	45
211	3	2	1	1	VLPFC	3	50
211	3	4	0	0	VLPFC	2	25
211	3	4	1	0	VLPFC	1	50
211	3	6	0	0	RTPJ	1	20
211	3	6	1	0	RTPJ	2	25
211	3	8	0	0	RTPJ	2	20
211	3	8	1	0	RTPJ	1	50
211	3	10	1	0	VLPFC	3	50
211	3	12	0	1	VLPFC	1	30
211	3	12	1	1	VLPFC	2	50
211	3	14	0	1	RTPJ	2	15
211	3	14	1	1	RTPJ	1	50
211	3	16	0	1	RTPJ	3	20
213	1	2	0	0	RTPJ	2	10
213	1	2	1	0	RTPJ	1	10
213	1	4	0	0	VLPFC	2	15
213	1	4	1	0	VLPFC	1	10
213	1	6	0	1	VLPFC	2	10
213	1	6	1	1	VLPFC	1	10
213	1	8	0	0	VLPFC	1	10
213	1	8	1	0	VLPFC	2	10
213	1	10	0	1	RTPJ	2	10
213	1	10	1	1	RTPJ	1	10
213	1	12	0	1	RTPJ	2	10
213	1	12	1	1	RTPJ	1	10
213	1	14	0	1	VLPFC	2	15
213	1	14	1	1	VLPFC	1	10
213	1	16	0	0	RTPJ	1	10
213	1	16	1	0	RTPJ	2	10
213	2	2	0	1	VLPFC	3	10
213	2	4	0	0	VLPFC	2	10
213	2	4	1	0	VLPFC	1	30
213	2	6	0	1	RTPJ	2	10
213	2	6	1	1	RTPJ	1	10
213	2	8	0	1	VLPFC	3	13.3333333333333
213	2	10	0	1	RTPJ	3	10
213	2	12	0	0	VLPFC	2	10
213	2	12	1	0	VLPFC	1	10
213	2	14	0	0	RTPJ	1	10
213	2	14	1	0	RTPJ	2	10
213	2	16	0	0	RTPJ	1	10
213	2	16	1	0	RTPJ	2	10
214	1	2	0	1	RTPJ	1	10
214	1	2	1	1	RTPJ	2	20
214	1	4	0	1	RTPJ	1	10
214	1	4	1	1	RTPJ	2	30
214	1	6	1	1	VLPFC	3	16.6666666666667
214	1	8	0	0	VLPFC	1	10
214	1	8	1	0	VLPFC	2	20
214	1	10	0	1	VLPFC	2	10
214	1	10	1	1	VLPFC	1	10
214	1	12	0	0	RTPJ	2	20
214	1	12	1	0	RTPJ	1	20
214	1	14	0	0	RTPJ	2	15
214	1	14	1	0	RTPJ	1	20
214	1	16	0	0	VLPFC	1	10
214	1	16	1	0	VLPFC	2	30
214	2	2	0	1	VLPFC	1	10
214	2	2	1	1	VLPFC	2	30
214	2	4	0	1	RTPJ	1	10
214	2	4	1	1	RTPJ	2	15
214	2	6	0	1	VLPFC	2	10
214	2	6	1	1	VLPFC	1	30
214	2	8	0	0	RTPJ	1	10
214	2	8	1	0	RTPJ	2	25
214	2	10	0	0	RTPJ	2	10
214	2	10	1	0	RTPJ	1	20
214	2	12	1	0	VLPFC	3	13.3333333333333
214	2	14	0	0	VLPFC	1	10
214	2	14	1	0	VLPFC	2	10
214	2	16	0	1	RTPJ	2	10
214	2	16	1	1	RTPJ	1	20
214	3	2	0	1	VLPFC	2	10
214	3	2	1	1	VLPFC	1	40
214	3	4	0	0	VLPFC	1	10
214	3	4	1	0	VLPFC	2	40
214	3	6	1	1	VLPFC	3	20
214	3	8	0	1	RTPJ	1	30
214	3	8	1	1	RTPJ	2	20
214	3	10	0	0	VLPFC	2	10
214	3	10	1	0	VLPFC	1	30
214	3	12	0	1	RTPJ	1	10
214	3	12	1	1	RTPJ	2	20
214	3	14	0	0	RTPJ	2	25
214	3	14	1	0	RTPJ	1	10
214	3	16	0	0	RTPJ	1	10
214	3	16	1	0	RTPJ	2	20
215	1	2	1	1	VLPFC	3	43.3333333333333
215	1	4	0	1	RTPJ	1	20
215	1	4	1	1	RTPJ	2	30
215	1	6	0	0	RTPJ	1	10
215	1	6	1	0	RTPJ	2	45
215	1	8	0	0	VLPFC	1	20
215	1	8	1	0	VLPFC	2	40
215	1	10	0	1	VLPFC	2	35
215	1	10	1	1	VLPFC	1	40
215	1	12	1	1	RTPJ	3	43.3333333333333
215	1	14	0	0	RTPJ	2	25
215	1	14	1	0	RTPJ	1	40
215	1	16	0	0	VLPFC	1	30
215	1	16	1	0	VLPFC	2	30
215	2	2	0	0	RTPJ	2	20
215	2	2	1	0	RTPJ	1	40
215	2	4	0	0	VLPFC	2	25
215	2	4	1	0	VLPFC	1	30
215	2	6	0	1	VLPFC	1	30
215	2	6	1	1	VLPFC	2	35
215	2	8	0	1	RTPJ	2	15
215	2	8	1	1	RTPJ	1	30
215	2	10	1	1	VLPFC	3	33.3333333333333
215	2	12	0	1	RTPJ	2	15
215	2	12	1	1	RTPJ	1	40
215	2	14	0	0	RTPJ	2	15
215	2	14	1	0	RTPJ	1	40
215	2	16	0	0	VLPFC	2	20
215	2	16	1	0	VLPFC	1	30
215	3	2	0	1	RTPJ	3	13.3333333333333
215	3	4	1	1	RTPJ	3	26.6666666666667
215	3	6	0	1	VLPFC	1	10
215	3	6	1	1	VLPFC	2	40
215	3	8	0	0	RTPJ	2	15
215	3	8	1	0	RTPJ	1	40
215	3	10	0	1	VLPFC	1	10
215	3	10	1	1	VLPFC	2	35
215	3	12	0	0	VLPFC	1	10
215	3	12	1	0	VLPFC	2	30
215	3	14	0	0	RTPJ	3	13.3333333333333
215	3	16	0	0	VLPFC	2	10
215	3	16	1	0	VLPFC	1	40
216	1	2	0	0	VLPFC	2	30
216	1	2	1	0	VLPFC	1	40
216	1	4	0	0	RTPJ	1	30
216	1	4	1	0	RTPJ	2	35
216	1	6	0	1	VLPFC	2	20
216	1	6	1	1	VLPFC	1	30
216	1	8	0	0	RTPJ	1	10
216	1	8	1	0	RTPJ	2	25
216	1	10	0	1	RTPJ	2	25
216	1	10	1	1	RTPJ	1	30
216	1	12	0	0	VLPFC	2	35
216	1	12	1	0	VLPFC	1	40
216	1	14	0	1	VLPFC	1	40
216	1	14	1	1	VLPFC	2	30
216	1	16	0	1	RTPJ	2	35
216	1	16	1	1	RTPJ	1	40
216	2	2	0	0	VLPFC	1	30
216	2	2	1	0	VLPFC	2	35
216	2	4	0	1	VLPFC	1	40
216	2	4	1	1	VLPFC	2	30
216	2	6	0	1	RTPJ	1	30
216	2	6	1	1	RTPJ	2	30
216	2	8	1	1	VLPFC	3	30
216	2	10	0	0	VLPFC	2	35
216	2	10	1	0	VLPFC	1	20
216	2	12	0	0	RTPJ	2	30
216	2	12	1	0	RTPJ	1	30
216	2	14	0	0	RTPJ	1	20
216	2	14	1	0	RTPJ	2	30
216	2	16	0	1	RTPJ	1	40
216	2	16	1	1	RTPJ	2	30
217	1	2	0	0	RTPJ	1	10
217	1	2	1	0	RTPJ	2	30
217	1	4	0	1	VLPFC	3	10
217	1	6	0	0	RTPJ	2	10
217	1	6	1	0	RTPJ	1	30
217	1	8	0	1	VLPFC	1	10
217	1	8	1	1	VLPFC	2	30
217	1	10	0	0	VLPFC	1	20
217	1	10	1	0	VLPFC	2	35
217	1	12	1	1	RTPJ	3	33.3333333333333
217	1	14	0	0	VLPFC	1	20
217	1	14	1	0	VLPFC	2	35
217	1	16	0	1	RTPJ	1	20
217	1	16	1	1	RTPJ	2	30
217	3	2	0	1	VLPFC	2	10
217	3	2	1	1	VLPFC	1	40
217	3	4	0	0	RTPJ	1	20
217	3	4	1	0	RTPJ	2	35
217	3	6	0	1	RTPJ	1	20
217	3	6	1	1	RTPJ	2	30
217	3	8	0	1	RTPJ	3	10
217	3	10	0	1	VLPFC	2	10
217	3	10	1	1	VLPFC	1	20
217	3	12	0	0	RTPJ	1	10
217	3	12	1	0	RTPJ	2	20
217	3	14	0	0	VLPFC	1	20
217	3	14	1	0	VLPFC	2	30
217	3	16	0	0	VLPFC	3	13.3333333333333
219	1	2	0	0	RTPJ	2	10
219	1	2	1	0	RTPJ	1	10
219	1	4	0	0	VLPFC	2	15
219	1	4	1	0	VLPFC	1	10
219	1	6	0	1	VLPFC	3	10
219	1	8	0	0	VLPFC	3	10
219	1	10	0	1	VLPFC	2	15
219	1	10	1	1	VLPFC	1	10
219	1	12	1	1	RTPJ	3	23.3333333333333
219	1	14	0	0	RTPJ	2	15
219	1	14	1	0	RTPJ	1	20
219	1	16	0	1	RTPJ	1	10
219	1	16	1	1	RTPJ	2	15
219	2	2	0	0	VLPFC	1	20
219	2	2	1	0	VLPFC	2	10
219	2	4	0	1	RTPJ	2	10
219	2	4	1	1	RTPJ	1	30
219	2	6	1	0	VLPFC	3	20
219	2	8	0	1	RTPJ	1	10
219	2	8	1	1	RTPJ	2	20
219	2	10	0	1	VLPFC	3	20
219	2	12	0	0	RTPJ	1	20
219	2	12	1	0	RTPJ	2	15
219	2	14	0	1	VLPFC	2	15
219	2	14	1	1	VLPFC	1	10
219	2	16	0	0	RTPJ	2	15
219	2	16	1	0	RTPJ	1	30
219	3	2	1	1	VLPFC	3	16.6666666666667
219	3	4	0	0	VLPFC	1	10
219	3	4	1	0	VLPFC	2	15
219	3	6	1	1	RTPJ	3	26.6666666666667
219	3	8	0	1	RTPJ	2	10
219	3	8	1	1	RTPJ	1	20
219	3	10	0	0	RTPJ	3	10
219	3	12	0	0	RTPJ	1	20
219	3	12	1	0	RTPJ	2	20
219	3	14	1	0	VLPFC	3	20
219	3	16	0	1	VLPFC	2	15
219	3	16	1	1	VLPFC	1	10
220	1	2	0	1	VLPFC	1	20
220	1	2	1	1	VLPFC	2	30
220	1	4	0	0	VLPFC	2	10
220	1	4	1	0	VLPFC	1	20
220	1	6	1	1	RTPJ	3	10
220	1	8	0	0	VLPFC	1	10
220	1	8	1	0	VLPFC	2	15
220	1	10	0	0	RTPJ	1	30
220	1	10	1	0	RTPJ	2	15
220	1	12	0	1	RTPJ	1	20
220	1	12	1	1	RTPJ	2	20
220	1	14	0	1	VLPFC	2	10
220	1	14	1	1	VLPFC	1	20
220	1	16	1	0	RTPJ	3	16.6666666666667
220	2	2	0	0	RTPJ	2	20
220	2	2	1	0	RTPJ	1	20
220	2	4	0	0	VLPFC	2	30
220	2	4	1	0	VLPFC	1	30
220	2	6	0	0	RTPJ	2	30
220	2	6	1	0	RTPJ	1	30
220	2	8	1	1	VLPFC	3	23.3333333333333
220	2	10	0	0	VLPFC	2	20
220	2	10	1	0	VLPFC	1	20
220	2	12	0	1	VLPFC	2	20
220	2	12	1	1	VLPFC	1	10
220	2	14	0	1	RTPJ	1	20
220	2	14	1	1	RTPJ	2	15
220	2	16	1	1	RTPJ	3	20
220	3	2	0	1	VLPFC	2	30
220	3	2	1	1	VLPFC	1	10
220	3	4	0	0	RTPJ	1	10
220	3	4	1	0	RTPJ	2	20
220	3	6	0	1	RTPJ	2	20
220	3	6	1	1	RTPJ	1	10
220	3	8	0	0	VLPFC	2	30
220	3	8	1	0	VLPFC	1	40
220	3	10	0	0	VLPFC	2	25
220	3	10	1	0	VLPFC	1	30
220	3	12	0	0	RTPJ	2	35
220	3	12	1	0	RTPJ	1	30
220	3	14	0	1	VLPFC	2	40
220	3	14	1	1	VLPFC	1	30
220	3	16	0	1	RTPJ	1	10
220	3	16	1	1	RTPJ	2	25
221	1	2	0	0	VLPFC	1	20
221	1	2	1	0	VLPFC	2	40
221	1	4	0	1	VLPFC	1	10
221	1	4	1	1	VLPFC	2	35
221	1	6	1	0	VLPFC	3	36.6666666666667
221	1	8	0	1	VLPFC	2	10
221	1	8	1	1	VLPFC	1	50
221	1	10	0	1	RTPJ	1	20
221	1	10	1	1	RTPJ	2	30
221	1	12	0	1	RTPJ	3	16.6666666666667
221	1	14	0	0	RTPJ	1	10
221	1	14	1	0	RTPJ	2	30
221	1	16	0	0	RTPJ	1	20
221	1	16	1	0	RTPJ	2	25
221	2	2	0	1	VLPFC	1	20
221	2	2	1	1	VLPFC	2	30
221	2	4	0	1	RTPJ	2	10
221	2	4	1	1	RTPJ	1	40
221	2	6	0	0	VLPFC	3	20
221	2	8	0	1	RTPJ	3	13.3333333333333
221	2	10	0	1	VLPFC	2	15
221	2	10	1	1	VLPFC	1	40
221	2	12	0	0	VLPFC	2	15
221	2	12	1	0	VLPFC	1	30
221	2	14	0	0	RTPJ	2	30
221	2	14	1	0	RTPJ	1	40
221	2	16	0	0	RTPJ	2	15
221	2	16	1	0	RTPJ	1	30
221	3	2	1	1	RTPJ	3	33.3333333333333
221	3	4	0	1	VLPFC	1	10
221	3	4	1	1	VLPFC	2	35
221	3	6	0	0	RTPJ	1	10
221	3	6	1	0	RTPJ	2	10
221	3	8	1	0	VLPFC	3	30
221	3	10	0	0	RTPJ	2	20
221	3	10	1	0	RTPJ	1	30
221	3	12	0	1	VLPFC	1	10
221	3	12	1	1	VLPFC	2	30
221	3	14	0	1	RTPJ	1	30
221	3	14	1	1	RTPJ	2	30
221	3	16	0	0	VLPFC	2	25
221	3	16	1	0	VLPFC	1	30
222	1	2	0	1	VLPFC	2	10
222	1	2	1	1	VLPFC	1	40
222	1	4	0	1	VLPFC	1	10
222	1	4	1	1	VLPFC	2	50
222	1	6	0	0	RTPJ	1	20
222	1	6	1	0	RTPJ	2	45
222	1	8	0	0	VLPFC	1	40
222	1	8	1	0	VLPFC	2	50
222	1	10	0	0	VLPFC	3	43.3333333333333
222	1	12	0	1	RTPJ	1	10
222	1	12	1	1	RTPJ	2	50
222	1	14	0	0	RTPJ	2	40
222	1	14	1	0	RTPJ	1	50
222	1	16	0	1	RTPJ	2	20
222	1	16	1	1	RTPJ	1	50
222	2	2	0	1	VLPFC	2	20
222	2	2	1	1	VLPFC	1	50
222	2	4	0	1	VLPFC	2	20
222	2	4	1	1	VLPFC	1	50
222	2	6	0	0	RTPJ	3	33.3333333333333
222	2	8	0	0	RTPJ	3	43.3333333333333
222	2	10	0	1	RTPJ	1	30
222	2	10	1	1	RTPJ	2	50
222	2	12	0	0	VLPFC	3	46.6666666666667
222	2	14	0	0	VLPFC	1	50
222	2	14	1	0	VLPFC	2	30
222	2	16	0	1	RTPJ	2	20
222	2	16	1	1	RTPJ	1	50
222	3	2	0	0	RTPJ	1	50
222	3	2	1	0	RTPJ	2	35
222	3	4	1	1	VLPFC	3	50
222	3	6	0	1	RTPJ	1	10
222	3	6	1	1	RTPJ	2	50
222	3	8	0	1	RTPJ	1	10
222	3	8	1	1	RTPJ	2	50
222	3	10	0	0	RTPJ	2	40
222	3	10	1	0	RTPJ	1	50
222	3	12	0	1	VLPFC	2	15
222	3	12	1	1	VLPFC	1	50
222	3	14	0	0	VLPFC	2	35
222	3	14	1	0	VLPFC	1	50
222	3	16	1	0	VLPFC	3	43.3333333333333
225	1	2	0	1	VLPFC	1	10
225	1	2	1	1	VLPFC	2	45
225	1	4	0	0	VLPFC	1	30
225	1	4	1	0	VLPFC	2	45
225	1	6	0	0	VLPFC	3	20
225	1	8	0	1	VLPFC	2	10
225	1	8	1	1	VLPFC	1	50
225	1	10	0	1	RTPJ	1	30
225	1	10	1	1	RTPJ	2	50
225	1	12	0	1	RTPJ	2	15
225	1	12	1	1	RTPJ	1	50
225	1	14	0	0	RTPJ	1	30
225	1	14	1	0	RTPJ	2	40
225	1	16	0	0	RTPJ	3	23.3333333333333
225	2	2	0	0	RTPJ	2	10
225	2	2	1	0	RTPJ	1	40
225	2	4	0	0	RTPJ	1	10
225	2	4	1	0	RTPJ	2	35
225	2	6	0	1	RTPJ	3	20
225	2	8	0	0	VLPFC	2	20
225	2	8	1	0	VLPFC	1	40
225	2	10	0	1	VLPFC	2	15
225	2	10	1	1	VLPFC	1	50
225	2	12	0	0	VLPFC	1	10
225	2	12	1	0	VLPFC	2	40
225	2	14	0	1	RTPJ	3	23.3333333333333
225	2	16	0	1	VLPFC	2	20
225	2	16	1	1	VLPFC	1	50
225	3	2	0	0	VLPFC	3	23.3333333333333
225	3	4	0	1	RTPJ	1	10
225	3	4	1	1	RTPJ	2	45
225	3	6	0	0	RTPJ	1	30
225	3	6	1	0	RTPJ	2	35
225	3	8	0	0	RTPJ	1	10
225	3	8	1	0	RTPJ	2	30
225	3	10	0	0	VLPFC	1	20
225	3	10	1	0	VLPFC	2	35
225	3	12	0	1	VLPFC	3	16.6666666666667
225	3	14	0	1	RTPJ	1	10
225	3	14	1	1	RTPJ	2	45
225	3	16	0	1	VLPFC	2	10
225	3	16	1	1	VLPFC	1	40
226	1	2	0	0	VLPFC	2	40
226	1	2	1	0	VLPFC	1	20
226	1	4	1	1	VLPFC	3	26.6666666666667
226	1	6	0	1	VLPFC	2	35
226	1	6	1	1	VLPFC	1	40
226	1	8	1	1	RTPJ	3	36.6666666666667
226	1	10	0	0	RTPJ	2	25
226	1	10	1	0	RTPJ	1	20
226	1	12	0	0	VLPFC	2	35
226	1	12	1	0	VLPFC	1	40
226	1	14	0	1	RTPJ	2	25
226	1	14	1	1	RTPJ	1	50
226	1	16	0	0	RTPJ	3	36.6666666666667
226	2	2	1	1	VLPFC	3	46.6666666666667
226	2	4	1	1	VLPFC	3	43.3333333333333
226	2	6	0	1	RTPJ	1	20
226	2	6	1	1	RTPJ	2	50
226	2	8	0	0	VLPFC	1	30
226	2	8	1	0	VLPFC	2	35
226	2	10	1	0	RTPJ	3	33.3333333333333
226	2	12	0	0	RTPJ	1	30
226	2	12	1	0	RTPJ	2	25
226	2	14	0	1	RTPJ	2	25
226	2	14	1	1	RTPJ	1	50
226	2	16	0	0	VLPFC	2	35
226	2	16	1	0	VLPFC	1	40
226	3	2	0	1	VLPFC	2	35
226	3	2	1	1	VLPFC	1	50
226	3	4	0	1	RTPJ	1	40
226	3	4	1	1	RTPJ	2	45
226	3	6	0	0	VLPFC	2	30
226	3	6	1	0	VLPFC	1	40
226	3	8	0	0	VLPFC	1	40
226	3	8	1	0	VLPFC	2	40
226	3	10	0	0	RTPJ	1	20
226	3	10	1	0	RTPJ	2	40
226	3	12	0	1	RTPJ	1	40
226	3	12	1	1	RTPJ	2	45
226	3	14	0	0	RTPJ	1	20
226	3	14	1	0	RTPJ	2	30
226	3	16	0	1	VLPFC	2	15
226	3	16	1	1	VLPFC	1	50
227	1	2	0	0	RTPJ	1	20
227	1	2	1	0	RTPJ	2	40
227	1	4	0	0	VLPFC	2	20
227	1	4	1	0	VLPFC	1	40
227	1	6	0	1	RTPJ	2	30
227	1	6	1	1	RTPJ	1	30
227	1	8	1	0	RTPJ	3	40
227	1	10	0	1	RTPJ	1	30
227	1	10	1	1	RTPJ	2	30
227	1	12	0	0	VLPFC	1	20
227	1	12	1	0	VLPFC	2	30
227	1	14	0	1	VLPFC	1	10
227	1	14	1	1	VLPFC	2	30
227	1	16	0	1	VLPFC	3	26.6666666666667
227	2	2	0	1	RTPJ	2	25
227	2	2	1	1	RTPJ	1	30
227	2	4	0	1	VLPFC	2	20
227	2	4	1	1	VLPFC	1	30
227	2	6	0	0	VLPFC	2	20
227	2	6	1	0	VLPFC	1	30
227	2	8	0	0	VLPFC	2	25
227	2	8	1	0	VLPFC	1	30
227	2	10	0	1	RTPJ	1	30
227	2	10	1	1	RTPJ	2	25
227	2	12	0	0	RTPJ	1	30
227	2	12	1	0	RTPJ	2	30
227	2	14	0	0	RTPJ	3	13.3333333333333
227	2	16	0	1	VLPFC	1	10
227	2	16	1	1	VLPFC	2	25
227	3	2	0	0	RTPJ	1	20
227	3	2	1	0	RTPJ	2	25
227	3	4	0	1	RTPJ	3	16.6666666666667
227	3	6	0	0	VLPFC	2	25
227	3	6	1	0	VLPFC	1	30
227	3	8	0	0	VLPFC	1	10
227	3	8	1	0	VLPFC	2	20
227	3	10	0	1	VLPFC	2	30
227	3	10	1	1	VLPFC	1	30
227	3	12	0	1	VLPFC	2	10
227	3	12	1	1	VLPFC	1	30
227	3	14	0	0	RTPJ	1	20
227	3	14	1	0	RTPJ	2	30
227	3	16	0	1	RTPJ	1	20
227	3	16	1	1	RTPJ	2	30
228	1	2	0	1	VLPFC	1	20
228	1	2	1	1	VLPFC	2	50
228	1	4	0	0	RTPJ	1	20
228	1	4	1	0	RTPJ	2	50
228	1	6	0	1	RTPJ	2	20
228	1	6	1	1	RTPJ	1	40
228	1	8	0	1	VLPFC	1	20
228	1	8	1	1	VLPFC	2	50
228	1	10	0	0	RTPJ	2	10
228	1	10	1	0	RTPJ	1	30
228	1	12	1	1	RTPJ	3	46.6666666666667
228	1	14	0	0	VLPFC	3	20
228	1	16	0	0	VLPFC	3	16.6666666666667
228	2	2	1	1	VLPFC	3	50
228	2	4	1	0	VLPFC	3	50
228	2	6	0	1	RTPJ	3	20
228	2	8	1	0	VLPFC	3	50
228	2	10	0	1	RTPJ	1	30
228	2	10	1	1	RTPJ	2	50
228	2	12	0	1	VLPFC	1	10
228	2	12	1	1	VLPFC	2	45
228	2	14	0	0	RTPJ	2	15
228	2	14	1	0	RTPJ	1	50
228	2	16	0	0	RTPJ	1	10
228	2	16	1	0	RTPJ	2	50
228	3	2	0	0	VLPFC	2	10
228	3	2	1	0	VLPFC	1	50
228	3	4	1	1	VLPFC	3	50
228	3	6	0	0	VLPFC	1	10
228	3	6	1	0	VLPFC	2	50
228	3	8	0	1	VLPFC	1	10
228	3	8	1	1	VLPFC	2	50
228	3	10	0	1	RTPJ	2	20
228	3	10	1	1	RTPJ	1	50
228	3	12	0	1	RTPJ	2	10
228	3	12	1	1	RTPJ	1	40
228	3	14	1	0	RTPJ	3	50
228	3	16	0	0	RTPJ	2	10
228	3	16	1	0	RTPJ	1	50
230	1	2	1	0	VLPFC	3	33.3333333333333
230	1	4	1	1	VLPFC	3	40
230	1	6	0	1	RTPJ	2	20
230	1	6	1	1	RTPJ	1	30
230	1	8	0	1	RTPJ	1	10
230	1	8	1	1	RTPJ	2	35
230	1	10	0	0	RTPJ	1	40
230	1	10	1	0	RTPJ	2	35
230	1	12	0	1	VLPFC	1	10
230	1	12	1	1	VLPFC	2	45
230	1	14	0	0	RTPJ	1	10
230	1	14	1	0	RTPJ	2	40
230	1	16	0	0	VLPFC	2	40
230	1	16	1	0	VLPFC	1	20
230	2	2	0	0	RTPJ	2	40
230	2	2	1	0	RTPJ	1	30
230	2	4	0	1	VLPFC	2	15
230	2	4	1	1	VLPFC	1	40
230	2	6	0	0	VLPFC	3	33.3333333333333
230	2	8	0	0	VLPFC	1	50
230	2	8	1	0	VLPFC	2	35
230	2	10	0	1	RTPJ	3	20
230	2	12	0	1	RTPJ	1	20
230	2	12	1	1	RTPJ	2	40
230	2	14	0	0	RTPJ	2	40
230	2	14	1	0	RTPJ	1	30
230	2	16	0	1	VLPFC	1	30
230	2	16	1	1	VLPFC	2	40
230	3	2	1	1	VLPFC	3	30
230	3	4	0	1	RTPJ	2	20
230	3	4	1	1	RTPJ	1	40
230	3	6	0	0	RTPJ	1	30
230	3	6	1	0	RTPJ	2	20
230	3	8	0	0	RTPJ	2	40
230	3	8	1	0	RTPJ	1	30
230	3	10	0	1	VLPFC	1	40
230	3	10	1	1	VLPFC	2	35
230	3	12	1	0	VLPFC	3	23.3333333333333
230	3	14	1	0	VLPFC	3	26.6666666666667
230	3	16	0	1	RTPJ	3	16.6666666666667
231	1	2	0	0	RTPJ	1	10
231	1	2	1	0	RTPJ	2	30
231	1	4	0	0	VLPFC	2	15
231	1	4	1	0	VLPFC	1	10
231	1	6	0	1	VLPFC	1	10
231	1	6	1	1	VLPFC	2	35
231	1	8	0	1	RTPJ	1	10
231	1	8	1	1	RTPJ	2	40
231	1	10	1	0	VLPFC	3	30
231	1	12	1	1	VLPFC	3	36.6666666666667
231	1	14	0	1	RTPJ	2	10
231	1	14	1	1	RTPJ	1	30
231	1	16	0	0	RTPJ	2	15
231	1	16	1	0	RTPJ	1	30
231	2	2	0	0	VLPFC	1	10
231	2	2	1	0	VLPFC	2	30
231	2	4	1	1	RTPJ	3	36.6666666666667
231	2	6	0	1	RTPJ	3	13.3333333333333
231	2	8	0	0	RTPJ	1	10
231	2	8	1	0	RTPJ	2	25
231	2	10	0	1	VLPFC	2	10
231	2	10	1	1	VLPFC	1	40
231	2	12	0	0	RTPJ	1	10
231	2	12	1	0	RTPJ	2	20
231	2	14	0	0	VLPFC	1	10
231	2	14	1	0	VLPFC	2	30
231	2	16	0	1	VLPFC	2	10
231	2	16	1	1	VLPFC	1	50
231	3	2	0	1	RTPJ	1	10
231	3	2	1	1	RTPJ	2	25
231	3	4	0	0	VLPFC	2	10
231	3	4	1	0	VLPFC	1	30
231	3	6	0	1	VLPFC	2	10
231	3	6	1	1	VLPFC	1	10
231	3	8	0	0	VLPFC	3	10
231	3	10	0	1	VLPFC	3	16.6666666666667
231	3	12	0	0	RTPJ	1	10
231	3	12	1	0	RTPJ	2	25
231	3	14	0	0	RTPJ	3	13.3333333333333
231	3	16	0	1	RTPJ	2	15
231	3	16	1	1	RTPJ	1	30
232	1	2	0	1	RTPJ	1	20
232	1	2	1	1	RTPJ	2	35
232	1	4	0	0	VLPFC	3	13.3333333333333
232	1	6	0	1	VLPFC	2	25
232	1	6	1	1	VLPFC	1	40
232	1	8	0	1	RTPJ	2	10
232	1	8	1	1	RTPJ	1	50
232	1	10	0	1	VLPFC	2	15
232	1	10	1	1	VLPFC	1	50
232	1	12	0	0	RTPJ	1	20
232	1	12	1	0	RTPJ	2	35
232	1	14	0	0	VLPFC	2	30
232	1	14	1	0	VLPFC	1	30
232	1	16	0	0	RTPJ	1	30
232	1	16	1	0	RTPJ	2	40
232	2	2	0	0	RTPJ	2	30
232	2	2	1	0	RTPJ	1	20
232	2	4	0	1	RTPJ	2	10
232	2	4	1	1	RTPJ	1	40
232	2	6	0	1	VLPFC	3	23.3333333333333
232	2	8	0	1	VLPFC	2	20
232	2	8	1	1	VLPFC	1	50
232	2	10	0	0	RTPJ	3	26.6666666666667
232	2	12	0	0	VLPFC	2	15
232	2	12	1	0	VLPFC	1	30
232	2	14	0	0	VLPFC	3	20
232	2	16	0	1	RTPJ	1	10
232	2	16	1	1	RTPJ	2	35
232	4	2	0	0	RTPJ	3	20
232	4	4	0	0	VLPFC	1	10
232	4	4	1	0	VLPFC	2	40
232	4	6	0	1	VLPFC	2	15
232	4	6	1	1	VLPFC	1	30
232	4	8	0	0	VLPFC	3	13.3333333333333
232	4	10	0	0	RTPJ	3	13.3333333333333
232	4	12	0	1	VLPFC	1	10
232	4	12	1	1	VLPFC	2	25
232	4	14	0	1	RTPJ	3	13.3333333333333
232	4	16	0	1	RTPJ	2	10
232	4	16	1	1	RTPJ	1	30
233	1	2	1	1	RTPJ	3	30
233	1	4	0	1	VLPFC	2	10
233	1	4	1	1	VLPFC	1	30
233	1	6	1	0	VLPFC	3	23.3333333333333
233	1	8	0	0	RTPJ	2	15
233	1	8	1	0	RTPJ	1	20
233	1	10	0	1	RTPJ	2	10
233	1	10	1	1	RTPJ	1	30
233	1	12	0	0	VLPFC	2	10
233	1	12	1	0	VLPFC	1	30
233	1	14	0	0	RTPJ	2	15
233	1	14	1	0	RTPJ	1	10
233	1	16	0	1	VLPFC	1	10
233	1	16	1	1	VLPFC	2	35
233	2	2	0	0	VLPFC	2	10
233	2	2	1	0	VLPFC	1	40
233	2	4	0	1	RTPJ	2	10
233	2	4	1	1	RTPJ	1	30
233	2	6	0	0	RTPJ	2	10
233	2	6	1	0	RTPJ	1	40
233	2	8	0	1	RTPJ	2	10
233	2	8	1	1	RTPJ	1	10
233	2	10	0	0	VLPFC	2	10
233	2	10	1	0	VLPFC	1	20
233	2	12	0	1	VLPFC	3	13.3333333333333
233	2	14	0	1	VLPFC	1	10
233	2	14	1	1	VLPFC	2	30
233	2	16	0	0	RTPJ	1	10
233	2	16	1	0	RTPJ	2	40
234	1	2	0	0	RTPJ	1	30
234	1	2	1	0	RTPJ	2	40
234	1	4	0	0	RTPJ	1	30
234	1	4	1	0	RTPJ	2	25
234	1	6	0	1	RTPJ	2	25
234	1	6	1	1	RTPJ	1	20
234	1	8	0	0	VLPFC	2	20
234	1	8	1	0	VLPFC	1	10
234	1	10	0	1	VLPFC	2	20
234	1	10	1	1	VLPFC	1	40
234	1	12	0	0	VLPFC	2	30
234	1	12	1	0	VLPFC	1	30
234	1	14	0	1	RTPJ	3	23.3333333333333
234	1	16	0	1	VLPFC	2	25
234	1	16	1	1	VLPFC	1	40
234	2	2	0	0	RTPJ	3	26.6666666666667
234	2	4	0	1	VLPFC	2	10
234	2	4	1	1	VLPFC	1	40
234	2	6	0	0	VLPFC	2	25
234	2	6	1	0	VLPFC	1	40
234	2	8	0	1	RTPJ	2	25
234	2	8	1	1	RTPJ	1	40
234	2	10	0	1	VLPFC	2	20
234	2	10	1	1	VLPFC	1	40
234	2	12	0	0	VLPFC	2	20
234	2	12	1	0	VLPFC	1	30
234	2	14	0	1	RTPJ	1	30
234	2	14	1	1	RTPJ	2	35
234	2	16	0	0	RTPJ	1	30
234	2	16	1	0	RTPJ	2	40
234	3	2	0	1	RTPJ	1	20
234	3	2	1	1	RTPJ	2	35
234	3	4	0	1	RTPJ	2	25
234	3	4	1	1	RTPJ	1	50
234	3	6	0	0	VLPFC	2	30
234	3	6	1	0	VLPFC	1	40
234	3	8	0	0	VLPFC	1	30
234	3	8	1	0	VLPFC	2	35
234	3	10	0	1	VLPFC	2	30
234	3	10	1	1	VLPFC	1	40
234	3	12	0	1	VLPFC	1	30
234	3	12	1	1	VLPFC	2	40
234	3	14	0	0	RTPJ	2	30
234	3	14	1	0	RTPJ	1	40
234	3	16	0	0	RTPJ	1	20
234	3	16	1	0	RTPJ	2	35
235	1	2	1	0	VLPFC	3	33.3333333333333
235	1	4	0	0	VLPFC	1	20
235	1	4	1	0	VLPFC	2	35
235	1	6	0	0	RTPJ	2	30
235	1	6	1	0	RTPJ	1	40
235	1	8	0	0	RTPJ	1	30
235	1	8	1	0	RTPJ	2	40
235	1	10	1	1	VLPFC	3	30
235	1	12	0	1	VLPFC	1	20
235	1	12	1	1	VLPFC	2	40
235	1	14	1	1	RTPJ	3	36.6666666666667
235	1	16	0	1	RTPJ	1	30
235	1	16	1	1	RTPJ	2	35
235	2	2	0	1	RTPJ	1	20
235	2	2	1	1	RTPJ	2	35
235	2	4	0	1	RTPJ	1	20
235	2	4	1	1	RTPJ	2	35
235	2	6	0	1	VLPFC	1	20
235	2	6	1	1	VLPFC	2	40
235	2	8	0	0	VLPFC	1	30
235	2	8	1	0	VLPFC	2	35
235	2	10	0	0	RTPJ	2	30
235	2	10	1	0	RTPJ	1	30
235	2	12	0	0	VLPFC	2	15
235	2	12	1	0	VLPFC	1	40
235	2	14	1	1	VLPFC	3	33.3333333333333
235	2	16	0	0	RTPJ	2	20
235	2	16	1	0	RTPJ	1	30
235	3	2	0	1	VLPFC	1	20
235	3	2	1	1	VLPFC	2	35
235	3	4	1	0	VLPFC	3	33.3333333333333
235	3	6	1	1	VLPFC	3	36.6666666666667
235	3	8	0	0	RTPJ	2	25
235	3	8	1	0	RTPJ	1	30
235	3	10	0	0	VLPFC	3	20
235	3	12	0	0	RTPJ	2	20
235	3	12	1	0	RTPJ	1	40
235	3	14	0	1	RTPJ	1	20
235	3	14	1	1	RTPJ	2	40
235	3	16	0	1	RTPJ	3	10
236	1	2	0	0	VLPFC	3	10
236	1	4	0	1	RTPJ	2	10
236	1	4	1	1	RTPJ	1	10
236	1	6	0	0	RTPJ	2	10
236	1	6	1	0	RTPJ	1	10
236	1	8	0	1	RTPJ	3	10
236	1	10	1	0	RTPJ	3	10
236	1	12	0	0	VLPFC	2	15
236	1	12	1	0	VLPFC	1	10
236	1	14	0	1	VLPFC	2	10
236	1	14	1	1	VLPFC	1	10
236	1	16	0	1	VLPFC	1	20
236	1	16	1	1	VLPFC	2	10
236	2	2	0	1	RTPJ	3	13.3333333333333
236	2	4	0	0	VLPFC	1	20
236	2	4	1	0	VLPFC	2	20
236	2	6	0	1	VLPFC	1	10
236	2	6	1	1	VLPFC	2	15
236	2	8	0	0	VLPFC	1	20
236	2	8	1	0	VLPFC	2	10
236	2	10	1	0	RTPJ	3	10
236	2	12	0	1	VLPFC	1	10
236	2	12	1	1	VLPFC	2	15
236	2	14	0	1	RTPJ	2	10
236	2	14	1	1	RTPJ	1	20
236	2	16	0	0	RTPJ	2	10
236	2	16	1	0	RTPJ	1	10
236	3	2	1	1	RTPJ	3	10
236	3	4	0	1	VLPFC	1	10
236	3	4	1	1	VLPFC	2	10
236	3	6	0	1	VLPFC	1	10
236	3	6	1	1	VLPFC	2	15
236	3	8	0	0	VLPFC	2	10
236	3	8	1	0	VLPFC	1	30
236	3	10	0	0	RTPJ	1	20
236	3	10	1	0	RTPJ	2	10
236	3	12	0	0	RTPJ	1	20
236	3	12	1	0	RTPJ	2	10
236	3	14	0	1	RTPJ	3	13.3333333333333
236	3	16	0	0	VLPFC	2	15
236	3	16	1	0	VLPFC	1	20
237	1	2	0	1	VLPFC	1	20
237	1	2	1	1	VLPFC	2	20
237	1	4	0	1	VLPFC	1	10
237	1	4	1	1	VLPFC	2	25
237	1	6	0	0	RTPJ	1	10
237	1	6	1	0	RTPJ	2	15
237	1	8	0	0	RTPJ	1	10
237	1	8	1	0	RTPJ	2	30
237	1	10	0	0	VLPFC	2	10
237	1	10	1	0	VLPFC	1	20
237	1	12	1	0	VLPFC	3	26.6666666666667
237	1	14	0	1	RTPJ	2	10
237	1	14	1	1	RTPJ	1	30
237	1	16	0	1	RTPJ	1	10
237	1	16	1	1	RTPJ	2	15
237	2	2	0	0	RTPJ	1	10
237	2	2	1	0	RTPJ	2	25
237	2	4	0	0	RTPJ	2	10
237	2	4	1	0	RTPJ	1	20
237	2	6	0	0	VLPFC	2	10
237	2	6	1	0	VLPFC	1	20
237	2	8	0	1	VLPFC	1	10
237	2	8	1	1	VLPFC	2	15
237	2	10	0	0	VLPFC	1	10
237	2	10	1	0	VLPFC	2	25
237	2	12	1	1	VLPFC	3	20
237	2	14	0	1	RTPJ	2	10
237	2	14	1	1	RTPJ	1	20
237	2	16	0	1	RTPJ	2	10
237	2	16	1	1	RTPJ	1	20
237	3	2	1	1	RTPJ	3	23.3333333333333
237	3	4	0	1	VLPFC	3	10
237	3	6	0	0	VLPFC	1	10
237	3	6	1	0	VLPFC	2	20
237	3	8	0	0	VLPFC	1	20
237	3	8	1	0	VLPFC	2	20
237	3	10	0	0	RTPJ	2	10
237	3	10	1	0	RTPJ	1	10
237	3	12	0	0	RTPJ	3	10
237	3	14	0	1	VLPFC	2	10
237	3	14	1	1	VLPFC	1	30
237	3	16	0	1	RTPJ	2	10
237	3	16	1	1	RTPJ	1	30
